{
    "overall_accuracy": 5.6000000000000005,
    "synthetic_img_accuracy": 5.6000000000000005
}