{"loss": [0.6259987354278564, 0.30537429451942444, 0.16754773259162903, 0.11972720921039581, 0.07400931417942047], "accuracy": [0.6522856950759888, 0.8704285621643066, 0.9330000281333923, 0.9551428556442261, 0.9701428413391113], "val_loss": [0.38334181904792786, 0.29982128739356995, 0.207557812333107, 0.13158755004405975, 0.12266507744789124], "val_accuracy": [0.8299999833106995, 0.8805000185966492, 0.9169999957084656, 0.9470000267028809, 0.9539999961853027]}