{"loss": [0.8912285566329956, 0.4089905619621277, 0.19406187534332275, 0.11925233155488968, 0.07045558094978333], "accuracy": [0.6657142639160156, 0.8182857036590576, 0.9205714464187622, 0.9555714130401611, 0.9760000109672546], "val_loss": [0.49310117959976196, 0.24071338772773743, 0.18203647434711456, 0.12308306992053986, 0.13776467740535736], "val_accuracy": [0.7870000004768372, 0.9120000004768372, 0.9265000224113464, 0.9549999833106995, 0.9480000138282776]}