{"loss": [0.6871460676193237, 0.5749881863594055, 0.42112550139427185, 0.3245258331298828, 0.2625449001789093], "accuracy": [0.5320000052452087, 0.6947143077850342, 0.8052856922149658, 0.8575714230537415, 0.8901428580284119], "val_loss": [0.6447104215621948, 0.4870702922344208, 0.35691383481025696, 0.31372612714767456, 0.2721710801124573], "val_accuracy": [0.6349999904632568, 0.7695000171661377, 0.8475000262260437, 0.8650000095367432, 0.8895000219345093]}