{"loss": [0.6745688915252686, 0.5131399631500244, 0.36366596817970276, 0.29051631689071655, 0.23619353771209717, 0.18207216262817383, 0.1454436033964157, 0.11111126095056534, 0.08260732889175415, 0.05308055505156517, 0.040303077548742294, 0.02841208130121231, 0.027054106816649437, 0.025221168994903564, 0.04321795329451561, 0.01513583678752184, 0.01876728981733322, 0.017667675390839577, 0.017121946439146996, 0.017347531393170357], "accuracy": [0.5701428651809692, 0.7464285492897034, 0.8425714373588562, 0.8764285445213318, 0.9052857160568237, 0.9277142882347107, 0.9438571333885193, 0.956428587436676, 0.9684285521507263, 0.9825714230537415, 0.9871428608894348, 0.9912857413291931, 0.9900000095367432, 0.9918571710586548, 0.9850000143051147, 0.9955714344978333, 0.9932857155799866, 0.9944285750389099, 0.9938571453094482, 0.9944285750389099], "val_loss": [0.5924937129020691, 0.39644160866737366, 0.3473636209964752, 0.28195518255233765, 0.2682950794696808, 0.23332525789737701, 0.2770479619503021, 0.20992045104503632, 0.2013481706380844, 0.24555698037147522, 0.2831411361694336, 0.2733075022697449, 0.2571116089820862, 0.2864800989627838, 0.3216034770011902, 0.3316096067428589, 0.319784551858902, 0.3606593608856201, 0.38074326515197754, 0.2857804596424103], "val_accuracy": [0.7089999914169312, 0.8149999976158142, 0.8410000205039978, 0.8805000185966492, 0.887499988079071, 0.9045000076293945, 0.8845000267028809, 0.9229999780654907, 0.9244999885559082, 0.9244999885559082, 0.9075000286102295, 0.9269999861717224, 0.9254999756813049, 0.9294999837875366, 0.9104999899864197, 0.9319999814033508, 0.9200000166893005, 0.9275000095367432, 0.9265000224113464, 0.9290000200271606]}