{"loss": [0.630308985710144, 0.33889859914779663, 0.2024468332529068, 0.14700791239738464, 0.10200207680463791, 0.06668425351381302, 0.04468102008104324, 0.03373315930366516, 0.018263153731822968, 0.023902876302599907], "accuracy": [0.6625714302062988, 0.8502857089042664, 0.9191428422927856, 0.9419999718666077, 0.9605714082717896, 0.9745714068412781, 0.9825714230537415, 0.9871428608894348, 0.9941428303718567, 0.9911428689956665], "val_loss": [0.47644758224487305, 0.2847597897052765, 0.19516432285308838, 0.16703662276268005, 0.1661931276321411, 0.16652433574199677, 0.16237765550613403, 0.16448919475078583, 0.16844727098941803, 0.22734445333480835], "val_accuracy": [0.7695000171661377, 0.8840000033378601, 0.921500027179718, 0.9355000257492065, 0.9390000104904175, 0.9445000290870667, 0.949999988079071, 0.9449999928474426, 0.9520000219345093, 0.9359999895095825]}