{
    "overall_accuracy": 7.199999999999999,
    "synthetic_img_accuracy": 7.199999999999999
}