{"loss": [0.6391945481300354, 0.42045363783836365, 0.29526251554489136, 0.2157769352197647, 0.16960981488227844, 0.127151221036911, 0.0859743133187294, 0.08010425418615341, 0.054710447788238525, 0.037144213914871216], "accuracy": [0.6154285669326782, 0.8074285984039307, 0.8724285960197449, 0.9112856984138489, 0.9342857003211975, 0.951714277267456, 0.9681428670883179, 0.9687142968177795, 0.9784285426139832, 0.9864285588264465], "val_loss": [0.47549203038215637, 0.3433033525943756, 0.2769557535648346, 0.23259815573692322, 0.19513417780399323, 0.2562873959541321, 0.19314105808734894, 0.21048244833946228, 0.23851263523101807, 0.2216634303331375], "val_accuracy": [0.7835000157356262, 0.8535000085830688, 0.8930000066757202, 0.9075000286102295, 0.921500027179718, 0.9089999794960022, 0.925000011920929, 0.9294999837875366, 0.9225000143051147, 0.9309999942779541]}