{"loss": [0.6964287757873535, 0.23121216893196106, 0.10572175681591034, 0.06339524686336517, 0.03155779466032982, 0.010958545841276646, 0.008379100821912289, 0.006826295983046293, 0.0005839537479914725, 0.0001974143524421379], "accuracy": [0.6142857074737549, 0.9105714559555054, 0.9614285826683044, 0.9787142872810364, 0.9888571500778198, 0.9971428513526917, 0.9977142810821533, 0.9980000257492065, 1.0, 1.0], "val_loss": [0.4036634862422943, 0.21323657035827637, 0.10825568437576294, 0.09466010332107544, 0.10805496573448181, 0.11951123178005219, 0.1746520698070526, 0.12754425406455994, 0.1315334439277649, 0.1323620080947876], "val_accuracy": [0.8299999833106995, 0.9185000061988831, 0.9614999890327454, 0.9635000228881836, 0.9629999995231628, 0.9564999938011169, 0.934499979019165, 0.9679999947547913, 0.9714999794960022, 0.9695000052452087]}