{
    "overall_accuracy": 8.200000000000001,
    "synthetic_img_accuracy": 8.200000000000001
}