{
    "overall_accuracy": 95.39999999999999,
    "synthetic_img_accuracy": 95.39999999999999
}